{"cameraMode":{"drawMode":0,"name":"Shaded","section":"Shading Mode"},"sceneLighting":true,"audioPlay":false,"sceneViewState":{"showFog":true,"showMaterialUpdate":false,"showSkybox":true,"showFlares":true,"showImageEffects":true,"showParticleSystems":true},"in2DMode":false,"pivot":{"x":-4.648105144500732,"y":7.138782978057861,"z":4.64177131652832},"rotation":{"x":0.029861006885766984,"y":0.9686822891235352,"z":-0.19919657707214356,"w":0.14521437883377076},"size":10.0,"orthographic":false}