{"cameraMode":{"drawMode":0,"name":"Shaded","section":"Shading Mode"},"sceneLighting":false,"audioPlay":false,"sceneViewState":{"showFog":true,"showMaterialUpdate":false,"showSkybox":true,"showFlares":true,"showImageEffects":true,"showParticleSystems":true},"in2DMode":false,"pivot":{"x":11.798625946044922,"y":-7.181982040405273,"z":14.044495582580567},"rotation":{"x":-0.21760320663452149,"y":-0.30267655849456789,"z":0.07118809223175049,"w":-0.9251887798309326},"size":10.0,"orthographic":false}