{"cameraMode":{"drawMode":0,"name":"Shaded","section":"Shading Mode"},"sceneLighting":true,"audioPlay":false,"sceneViewState":{"showFog":true,"showMaterialUpdate":false,"showSkybox":true,"showFlares":true,"showImageEffects":true,"showParticleSystems":true},"in2DMode":false,"pivot":{"x":-12.708263397216797,"y":-1.3016575574874879,"z":-8.479944229125977},"rotation":{"x":-0.006809770595282316,"y":0.9851512908935547,"z":-0.040226392447948459,"w":-0.16677525639533997},"size":10.0,"orthographic":false}