{"cameraMode":{"drawMode":0,"name":"Shaded","section":"Shading Mode"},"sceneLighting":true,"audioPlay":false,"sceneViewState":{"showFog":true,"showMaterialUpdate":false,"showSkybox":true,"showFlares":true,"showImageEffects":true,"showParticleSystems":true},"in2DMode":false,"pivot":{"x":5.001755714416504,"y":-2.3656930923461916,"z":25.615676879882814},"rotation":{"x":-0.10022428631782532,"y":-0.09031637758016586,"z":0.009133066982030869,"w":-0.9908207654953003},"size":12.709001541137696,"orthographic":false}