{"cameraMode":{"drawMode":0,"name":"Shaded","section":"Shading Mode"},"sceneLighting":true,"audioPlay":false,"sceneViewState":{"showFog":true,"showMaterialUpdate":false,"showSkybox":true,"showFlares":true,"showImageEffects":true,"showParticleSystems":true},"in2DMode":false,"pivot":{"x":-8.259177207946778,"y":-0.6187143325805664,"z":4.347770690917969},"rotation":{"x":-0.04927946999669075,"y":0.889554500579834,"z":-0.44328969717025759,"w":-0.09887459874153137},"size":11.200000762939454,"orthographic":false}