{"cameraMode":{"drawMode":0,"name":"Shaded","section":"Shading Mode"},"sceneLighting":true,"audioPlay":false,"sceneViewState":{"showFog":true,"showMaterialUpdate":false,"showSkybox":true,"showFlares":true,"showImageEffects":true,"showParticleSystems":true},"in2DMode":false,"pivot":{"x":-4.911755084991455,"y":1.1325870752334595,"z":11.470061302185059},"rotation":{"x":-0.028996441513299943,"y":-0.2905144989490509,"z":0.008808803744614125,"w":-0.9563922882080078},"size":10.0,"orthographic":false}