{"cameraMode":{"drawMode":0,"name":"Shaded","section":"Shading Mode"},"sceneLighting":true,"audioPlay":false,"sceneViewState":{"showFog":true,"showMaterialUpdate":false,"showSkybox":true,"showFlares":true,"showImageEffects":true,"showParticleSystems":true},"in2DMode":false,"pivot":{"x":1252.6124267578125,"y":572.1942749023438,"z":-216.02264404296876},"rotation":{"x":0.09234067797660828,"y":-0.9018197655677795,"z":0.3475194275379181,"w":0.2397117018699646},"size":245.99916076660157,"orthographic":false}