{"cameraMode":{"drawMode":0,"name":"Shaded","section":"Shading Mode"},"sceneLighting":true,"audioPlay":false,"sceneViewState":{"showFog":true,"showMaterialUpdate":false,"showSkybox":true,"showFlares":true,"showImageEffects":true,"showParticleSystems":true},"in2DMode":false,"pivot":{"x":11.355568885803223,"y":5.299986839294434,"z":-4.926756858825684},"rotation":{"x":-0.07943011075258255,"y":0.741300106048584,"z":0.08915401250123978,"w":0.6604731678962708},"size":10.0,"orthographic":false}