{"cameraMode":{"drawMode":0,"name":"Shaded","section":"Shading Mode"},"sceneLighting":true,"audioPlay":false,"sceneViewState":{"showFog":true,"showMaterialUpdate":false,"showSkybox":true,"showFlares":true,"showImageEffects":true,"showParticleSystems":true},"in2DMode":false,"pivot":{"x":15.242424011230469,"y":6.3932414054870609,"z":1.6961026191711426},"rotation":{"x":0.09024158120155335,"y":-0.8070496320724487,"z":-0.12791594862937928,"w":-0.5693564414978027},"size":10.0,"orthographic":false}